,symbol,date,open,high,low,close,volume,adjclose,dividends
0,AAN,2020-11-25,30.0,31.0,26.5,26.5,1200,25.332660675048828,0.0
1,AAN,2020-11-27,26.350000381469727,26.350000381469727,22.299999237060547,22.299999237060547,5200,21.31767463684082,0.0
2,AAN,2020-11-30,23.288000106811523,23.5,19.190000534057617,19.190000534057617,65100,18.34467315673828,0.0
3,AAN,2020-12-01,21.700000762939453,22.110000610351562,16.739999771118164,18.40999984741211,8782600,17.599031448364258,0.0
4,AAN,2020-12-02,18.1299991607666,18.600000381469727,17.260000228881836,18.25,2105400,17.44607925415039,0.0
5,AAN,2020-12-03,18.389999389648438,19.139999389648438,18.030000686645508,18.75,1555600,17.92405128479004,0.0
6,AAN,2020-12-04,18.75,19.31999969482422,18.65999984741211,19.0,1390600,18.163040161132812,0.0
7,AAN,2020-12-07,18.989999771118164,19.209999084472656,17.75,18.0,1481500,17.20709228515625,0.0
8,AAN,2020-12-08,17.75,18.030000686645508,16.579999923706055,17.229999542236328,3246400,16.47100830078125,0.0
9,AAN,2020-12-09,17.450000762939453,17.700000762939453,16.950000762939453,17.290000915527344,1793400,16.528366088867188,0.0
10,AAN,2020-12-10,17.100000381469727,17.700000762939453,17.09000015258789,17.6200008392334,728800,16.84383201599121,0.0
11,AAN,2020-12-11,17.469999313354492,17.790000915527344,17.31999969482422,17.719999313354492,844500,16.939424514770508,0.0
12,AAN,2020-12-14,18.079999923706055,18.559999465942383,17.950000762939453,17.979999542236328,1038500,17.187973022460938,0.0
13,AAN,2020-12-15,18.010000228881836,18.270000457763672,17.440000534057617,17.989999771118164,964100,17.197532653808594,0.0
14,AAN,2020-12-16,18.0,18.399999618530273,17.899999618530273,18.030000686645508,542400,17.235767364501953,0.0
15,AAN,2020-12-17,17.8799991607666,18.81999969482422,17.530000686645508,18.75,670900,17.92405128479004,0.0
16,AAN,2020-12-18,18.809999465942383,18.979999542236328,17.520000457763672,18.15999984741211,1919800,17.360042572021484,0.0
17,AAN,2020-12-21,17.829999923706055,18.190000534057617,17.3799991607666,18.010000228881836,674300,17.216650009155273,0.0
18,AAN,2020-12-22,18.059999465942383,18.059999465942383,17.100000381469727,17.1299991607666,768000,16.37541389465332,0.0
19,AAN,2020-12-23,17.209999084472656,17.450000762939453,16.520000457763672,16.75,798700,16.01215171813965,0.0
20,AAN,2020-12-24,16.760000228881836,17.059999465942383,16.540000915527344,16.780000686645508,356600,16.04083251953125,0.0
21,AAN,2020-12-28,16.979999542236328,17.139999389648438,16.200000762939453,16.3700008392334,1187400,15.648893356323242,0.0
22,AAN,2020-12-29,16.399999618530273,17.0,16.3799991607666,16.920000076293945,474900,16.17466163635254,0.0
23,AAN,2020-12-30,17.079999923706055,18.299999237060547,17.010000228881836,18.1200008392334,413800,17.32180404663086,0.0
24,AAN,2020-12-31,18.06999969482422,19.3799991607666,17.920000076293945,18.959999084472656,541700,18.124801635742188,0.0
25,AAN,2021-01-04,19.1299991607666,19.25,17.989999771118164,18.809999465942383,555600,17.98141098022461,0.0
26,AAN,2021-01-05,18.649999618530273,19.989999771118164,18.530000686645508,19.56999969482422,528400,18.707931518554688,0.0
27,AAN,2021-01-06,19.649999618530273,20.93000030517578,19.649999618530273,20.850000381469727,1230900,19.93154525756836,0.0
28,AAN,2021-01-07,21.0,21.639999389648438,20.899999618530273,21.3700008392334,984400,20.42864227294922,0.0
29,AAN,2021-01-08,21.75,21.75,20.09000015258789,20.190000534057617,487900,19.300621032714844,0.0
30,AAN,2021-01-11,20.1200008392334,20.549999237060547,19.6200008392334,20.510000228881836,511700,19.606521606445312,0.0
31,AAN,2021-01-12,20.56999969482422,20.899999618530273,20.25,20.850000381469727,548000,19.93154525756836,0.0
32,AAN,2021-01-13,20.709999084472656,21.670000076293945,20.68000030517578,21.5,587300,20.55290985107422,0.0
33,AAN,2021-01-14,21.610000610351562,22.989999771118164,21.059999465942383,22.479999542236328,783600,21.489742279052734,0.0
34,AAN,2021-01-15,22.1299991607666,22.709999084472656,20.889999389648438,21.469999313354492,669000,20.524234771728516,0.0
35,AAN,2021-01-19,21.75,21.84000015258789,20.979999542236328,21.06999969482422,366800,20.141855239868164,0.0
36,AAN,2021-01-20,21.010000228881836,21.34000015258789,20.299999237060547,20.559999465942383,408600,19.65432357788086,0.0
37,AAN,2021-01-21,20.75,20.790000915527344,20.18000030517578,20.190000534057617,364400,19.300621032714844,0.0
38,AAN,2021-01-22,19.93000030517578,20.700000762939453,19.520000457763672,20.700000762939453,299300,19.788156509399414,0.0
39,AAN,2021-01-25,20.559999465942383,21.489999771118164,20.510000228881836,20.889999389648438,315600,19.969785690307617,0.0
40,AAN,2021-01-26,20.889999389648438,21.059999465942383,19.200000762939453,19.31999969482422,305000,18.468942642211914,0.0
41,AAN,2021-01-27,18.969999313354492,19.170000076293945,17.899999618530273,18.010000228881836,482600,17.216650009155273,0.0
42,AAN,2021-01-28,18.110000610351562,18.200000762939453,17.079999923706055,17.459999084472656,615700,16.690876007080078,0.0
43,AAN,2021-01-29,17.43000030517578,17.809999465942383,16.760000228881836,16.940000534057617,502900,16.193784713745117,0.0
44,AAN,2021-02-01,17.100000381469727,18.360000610351562,16.639999389648438,17.959999084472656,463800,17.168851852416992,0.0
45,AAN,2021-02-02,18.190000534057617,18.719999313354492,18.010000228881836,18.360000610351562,305900,17.551231384277344,0.0
46,AAN,2021-02-03,18.3700008392334,18.554000854492188,17.889999389648438,17.989999771118164,249700,17.197532653808594,0.0
47,AAN,2021-02-04,18.0,18.979999542236328,17.790000915527344,18.959999084472656,332000,18.124801635742188,0.0
48,AAN,2021-02-05,19.309999465942383,19.639999389648438,18.6299991607666,19.6299991607666,362600,18.765287399291992,0.0
49,AAN,2021-02-08,19.860000610351562,20.399999618530273,19.389999389648438,19.579999923706055,342100,18.717491149902344,0.0
50,AAN,2021-02-09,19.5,20.780000686645508,19.229999542236328,20.649999618530273,373600,19.740354537963867,0.0
51,AAN,2021-02-10,20.75,20.93000030517578,19.899999618530273,20.1200008392334,271700,19.233705520629883,0.0
52,AAN,2021-02-11,19.950000762939453,20.049999237060547,19.309999465942383,19.940000534057617,547300,19.06163215637207,0.0
53,AAN,2021-02-12,19.780000686645508,20.200000762939453,19.56999969482422,19.969999313354492,250200,19.090307235717773,0.0
54,AAN,2021-02-16,20.030000686645508,20.350000381469727,19.5,20.260000228881836,434000,19.367538452148438,0.0
55,AAN,2021-02-17,20.270000457763672,20.75,20.15999984741211,20.510000228881836,280600,19.606521606445312,0.0
56,AAN,2021-02-18,20.479999542236328,20.59000015258789,20.350000381469727,20.479999542236328,136400,19.57784652709961,0.0
57,AAN,2021-02-19,20.5,21.299999237060547,20.350000381469727,21.170000076293945,295900,20.23744773864746,0.0
58,AAN,2021-02-22,21.09000015258789,22.43000030517578,21.020000457763672,22.420000076293945,482000,21.432390213012695,0.0
59,AAN,2021-02-23,22.280000686645508,22.950000762939453,20.770000457763672,20.93000030517578,616900,20.00802230834961,0.0
60,AAN,2021-02-24,21.049999237060547,22.1299991607666,20.440000534057617,22.1299991607666,301300,21.1551570892334,0.0
61,AAN,2021-02-25,22.059999465942383,23.239999771118164,21.860000610351562,22.170000076293945,235800,21.19339942932129,0.0
62,AAN,2021-02-26,22.270000457763672,22.40999984741211,21.795000076293945,21.959999084472656,405700,20.99264907836914,0.0
63,AAN,2021-03-01,22.459999084472656,22.8799991607666,22.100000381469727,22.219999313354492,439600,21.24119758605957,0.0
64,AAN,2021-03-02,22.270000457763672,22.579999923706055,21.639999389648438,21.760000228881836,226200,20.80146026611328,0.0
65,AAN,2021-03-03,22.010000228881836,22.520000457763672,21.81999969482422,22.1299991607666,366500,21.1551570892334,0.0
66,AAN,2021-03-04,22.15999984741211,23.209999084472656,22.15999984741211,23.100000381469727,687100,22.082433700561523,0.0
67,AAN,2021-03-05,23.440000534057617,24.040000915527344,23.209999084472656,23.959999084472656,306800,22.90454864501953,0.0
68,AAN,2021-03-08,24.0,25.128999710083008,24.0,24.760000228881836,341000,23.669309616088867,0.0
69,AAN,2021-03-09,24.700000762939453,25.149999618530273,24.270000457763672,24.459999084472656,352300,23.382524490356445,0.0
70,AAN,2021-03-10,24.209999084472656,24.360000610351562,23.209999084472656,24.040000915527344,309000,22.981027603149414,0.0
71,AAN,2021-03-11,24.309999465942383,24.549999237060547,23.670000076293945,24.399999618530273,447000,23.32516860961914,0.0
72,AAN,2021-03-12,24.579999923706055,25.780000686645508,24.559999465942383,25.389999389648438,365300,24.271554946899414,0.0
73,AAN,2021-03-15,25.479999542236328,26.665000915527344,25.100000381469727,26.5,624100,25.332660675048828,0.0
74,AAN,2021-03-16,26.440000534057617,27.020000457763672,25.860000610351562,26.829999923706055,268700,25.648122787475586,0.0
75,AAN,2021-03-17,26.700000762939453,26.860000610351562,26.059999465942383,26.520000457763672,260700,25.446624755859375,0.1
76,AAN,2021-03-18,26.5,27.013999938964844,25.850000381469727,26.059999465942383,212200,25.00524139404297,0.0
77,AAN,2021-03-19,26.0,26.40999984741211,25.3700008392334,25.860000610351562,658600,24.813339233398438,0.0
78,AAN,2021-03-22,25.799999237060547,26.489999771118164,25.329999923706055,25.459999084472656,257800,24.42952537536621,0.0
79,AAN,2021-03-23,25.010000228881836,25.34000015258789,23.93000030517578,24.020000457763672,174200,23.047809600830078,0.0
80,AAN,2021-03-24,24.290000915527344,24.739999771118164,24.170000076293945,24.389999389648438,348600,23.40283203125,0.0
81,AAN,2021-03-25,24.190000534057617,25.6299991607666,23.690000534057617,25.469999313354492,202000,24.43912124633789,0.0
82,AAN,2021-03-26,25.75,26.479999542236328,25.43000030517578,25.989999771118164,394700,24.93807601928711,0.0
83,AAN,2021-03-29,25.850000381469727,26.600000381469727,24.920000076293945,24.93000030517578,161900,23.920976638793945,0.0
84,AAN,2021-03-30,24.809999465942383,25.454999923706055,24.68000030517578,25.18000030517578,241100,24.160860061645508,0.0
85,AAN,2021-03-31,25.25,26.010000228881836,25.010000228881836,25.68000030517578,335900,24.640621185302734,0.0
86,AAN,2021-04-01,25.610000610351562,26.21500015258789,25.610000610351562,26.010000228881836,178600,24.957263946533203,0.0
87,AAN,2021-04-05,26.270000457763672,26.610000610351562,25.979999542236328,26.56999969482422,227500,25.49460220336914,0.0
88,AAN,2021-04-06,26.530000686645508,27.18000030517578,25.889999389648438,26.010000228881836,239000,24.957263946533203,0.0
89,AAN,2021-04-07,26.100000381469727,26.709999084472656,25.110000610351562,25.15999984741211,332500,24.14167022705078,0.0
90,AAN,2021-04-08,25.200000762939453,25.200000762939453,24.545000076293945,24.940000534057617,189800,23.93057632446289,0.0
91,AAN,2021-04-09,25.0,25.079999923706055,24.413000106811523,24.649999618530273,153600,23.652311325073242,0.0
92,AAN,2021-04-12,24.780000686645508,24.99799919128418,24.420000076293945,24.8799991607666,127400,23.873001098632812,0.0
93,AAN,2021-04-13,24.75,24.899999618530273,24.0,24.190000534057617,173900,23.21092987060547,0.0
94,AAN,2021-04-14,24.18000030517578,25.200000762939453,24.18000030517578,24.860000610351562,227300,23.85381317138672,0.0
95,AAN,2021-04-15,25.020000457763672,25.155000686645508,24.549999237060547,24.90999984741211,191500,23.90178871154785,0.0
96,AAN,2021-04-16,25.0,25.56999969482422,24.600000381469727,25.540000915527344,236200,24.506290435791016,0.0
97,AAN,2021-04-19,25.459999084472656,25.899999618530273,25.100000381469727,25.549999237060547,205400,24.515884399414062,0.0
98,AAN,2021-04-20,25.549999237060547,25.850000381469727,23.81999969482422,24.200000762939453,163100,23.22052764892578,0.0
99,AAN,2021-04-21,24.149999618530273,25.010000228881836,24.020000457763672,25.0,300900,23.988147735595703,0.0
100,AAN,2021-04-22,25.079999923706055,25.6200008392334,24.270000457763672,24.290000915527344,287100,23.306882858276367,0.0
101,AAN,2021-04-23,24.540000915527344,26.030000686645508,24.18000030517578,25.780000686645508,187300,24.736574172973633,0.0
102,AAN,2021-04-26,25.75,26.989999771118164,25.75,26.43000030517578,268700,25.360267639160156,0.0
103,AAN,2021-04-27,30.25,34.2599983215332,29.610000610351562,34.15999984741211,935000,32.77740478515625,0.0
104,AAN,2021-04-28,34.2599983215332,34.2599983215332,31.65999984741211,32.18000030517578,666900,30.877540588378906,0.0
105,AAN,2021-04-29,33.0099983215332,33.400001525878906,30.299999237060547,31.31999969482422,624800,30.052350997924805,0.0
106,AAN,2021-04-30,31.100000381469727,32.14699935913086,30.84000015258789,30.889999389648438,332100,29.639753341674805,0.0
107,AAN,2021-05-03,31.309999465942383,31.440000534057617,30.5,30.709999084472656,494100,29.467037200927734,0.0
108,AAN,2021-05-04,30.31999969482422,31.170000076293945,29.979999542236328,30.809999465942383,332700,29.562992095947266,0.0
109,AAN,2021-05-05,30.90999984741211,31.59000015258789,30.579999923706055,30.979999542236328,330300,29.726110458374023,0.0
110,AAN,2021-05-06,31.219999313354492,32.599998474121094,31.100000381469727,31.84000015258789,467200,30.551300048828125,0.0
111,AAN,2021-05-07,31.889999389648438,32.86000061035156,31.850000381469727,32.209999084472656,238400,30.906326293945312,0.0
112,AAN,2021-05-10,32.43000030517578,32.619998931884766,30.950000762939453,31.290000915527344,356700,30.0235652923584,0.0
113,AAN,2021-05-11,30.31999969482422,31.969999313354492,30.209999084472656,31.709999084472656,249700,30.426563262939453,0.0
114,AAN,2021-05-12,31.389999389648438,31.959999084472656,28.8799991607666,29.479999542236328,858900,28.286819458007812,0.0
115,AAN,2021-05-13,29.649999618530273,31.475000381469727,29.59000015258789,31.270000457763672,373800,30.00437355041504,0.0
116,AAN,2021-05-14,31.510000228881836,32.97999954223633,31.139999389648438,32.56999969482422,247800,31.25175666809082,0.0
117,AAN,2021-05-17,32.13999938964844,33.125,32.02000045776367,32.72999954223633,255900,31.405277252197266,0.0
118,AAN,2021-05-18,33.0099983215332,33.5,32.40999984741211,32.470001220703125,192700,31.155807495117188,0.0
119,AAN,2021-05-19,31.709999084472656,33.13999938964844,31.510000228881836,33.09000015258789,237700,31.75071144104004,0.0
120,AAN,2021-05-20,32.91999816894531,33.9900016784668,32.66899871826172,33.7599983215332,262600,32.39358901977539,0.0
121,AAN,2021-05-21,33.97999954223633,35.16999816894531,33.53499984741211,34.77000045776367,412800,33.362709045410156,0.0
122,AAN,2021-05-24,34.70000076293945,34.96200180053711,33.900001525878906,34.59000015258789,246300,33.189998626708984,0.0
123,AAN,2021-05-25,34.900001525878906,35.290000915527344,34.1349983215332,34.209999084472656,203800,32.82537841796875,0.0
124,AAN,2021-05-26,34.540000915527344,36.06999969482422,34.540000915527344,36.06999969482422,242500,34.6100959777832,0.0
125,AAN,2021-05-27,36.5,36.810001373291016,36.04999923706055,36.130001068115234,194400,34.66766357421875,0.0
126,AAN,2021-05-28,36.45000076293945,36.529998779296875,35.38999938964844,35.970001220703125,131100,34.5141487121582,0.0
127,AAN,2021-06-01,36.04999923706055,36.5,35.81999969482422,36.08000183105469,277900,34.619693756103516,0.0
128,AAN,2021-06-02,36.220001220703125,36.349998474121094,35.849998474121094,36.09000015258789,289100,34.62928771972656,0.0
129,AAN,2021-06-03,35.869998931884766,36.09000015258789,35.36000061035156,35.9900016784668,411000,34.53334045410156,0.0
130,AAN,2021-06-04,35.90999984741211,36.23500061035156,35.540000915527344,36.18000030517578,132700,34.71564483642578,0.0
131,AAN,2021-06-07,36.59000015258789,36.599998474121094,35.9900016784668,36.369998931884766,166800,34.89794921875,0.0
132,AAN,2021-06-08,36.279998779296875,37.2400016784668,35.97999954223633,36.7599983215332,173000,35.27216339111328,0.0
133,AAN,2021-06-09,36.7599983215332,37.4900016784668,36.20000076293945,37.150001525878906,248400,35.646385192871094,0.0
134,AAN,2021-06-10,37.150001525878906,37.189998626708984,35.79999923706055,35.95000076293945,232300,34.49495315551758,0.0
135,AAN,2021-06-11,36.0099983215332,36.59000015258789,36.0,36.54999923706055,161600,35.0706672668457,0.0
136,AAN,2021-06-14,36.5,36.900001525878906,36.18299865722656,36.369998931884766,207700,34.89794921875,0.0
137,AAN,2021-06-15,36.220001220703125,36.279998779296875,35.650001525878906,36.130001068115234,187600,34.66766357421875,0.0
138,AAN,2021-06-16,35.84000015258789,36.36000061035156,35.630001068115234,36.290000915527344,120000,34.91783905029297,0.1
139,AAN,2021-06-17,36.209999084472656,36.209999084472656,34.665000915527344,34.81999969482422,408700,33.503421783447266,0.0
140,AAN,2021-06-18,34.720001220703125,35.459999084472656,33.959999084472656,34.65999984741211,539700,33.34946823120117,0.0
141,AAN,2021-06-21,35.09000015258789,35.439998626708984,34.58000183105469,34.97999954223633,233000,33.657371520996094,0.0
142,AAN,2021-06-22,34.75,34.75,33.189998626708984,33.43000030517578,273900,32.165977478027344,0.0
143,AAN,2021-06-23,32.970001220703125,33.56999969482422,32.47999954223633,33.310001373291016,312400,32.05051803588867,0.0
144,AAN,2021-06-24,33.439998626708984,33.68000030517578,32.849998474121094,33.15999984741211,289300,31.906187057495117,0.0
145,AAN,2021-06-25,33.36000061035156,34.7400016784668,32.52000045776367,32.97999954223633,1823700,31.732990264892578,0.0
146,AAN,2021-06-28,32.790000915527344,34.369998931884766,32.599998474121094,33.9900016784668,427700,32.704803466796875,0.0
147,AAN,2021-06-29,34.119998931884766,34.2869987487793,32.65999984741211,32.79999923706055,250700,31.559797286987305,0.0
148,AAN,2021-06-30,32.560001373291016,32.9900016784668,31.8799991607666,31.989999771118164,301100,30.780424118041992,0.0
149,AAN,2021-07-01,32.2599983215332,32.869998931884766,31.950000762939453,32.16999816894531,325000,30.953617095947266,0.0
150,AAN,2021-07-02,32.310001373291016,33.0,31.829999923706055,32.34000015258789,173200,31.117189407348633,0.0
151,AAN,2021-07-06,32.33000183105469,32.459999084472656,30.889999389648438,31.1299991607666,275200,29.95294189453125,0.0
152,AAN,2021-07-07,30.739999771118164,31.469999313354492,30.424999237060547,30.729999542236328,591900,29.56806755065918,0.0
153,AAN,2021-07-08,30.010000228881836,30.899999618530273,28.969999313354492,29.829999923706055,544200,28.702098846435547,0.0
154,AAN,2021-07-09,30.200000762939453,30.93000030517578,29.889999389648438,30.799999237060547,315500,29.635419845581055,0.0
155,AAN,2021-07-12,30.709999084472656,31.280000686645508,30.299999237060547,30.950000762939453,316800,29.779748916625977,0.0
156,AAN,2021-07-13,30.559999465942383,30.729999542236328,29.21500015258789,29.399999618530273,289700,28.288354873657227,0.0
157,AAN,2021-07-14,29.3700008392334,29.89900016784668,28.6299991607666,28.729999542236328,249100,27.643688201904297,0.0
158,AAN,2021-07-15,28.59000015258789,28.989999771118164,27.899999618530273,27.979999542236328,375000,26.922046661376953,0.0
159,AAN,2021-07-16,28.309999465942383,29.190000534057617,28.010000228881836,28.170000076293945,255900,27.1048641204834,0.0
160,AAN,2021-07-19,27.290000915527344,28.149999618530273,27.049999237060547,27.3700008392334,280700,26.335111618041992,0.0
161,AAN,2021-07-20,27.479999542236328,29.09000015258789,27.06999969482422,28.540000915527344,358400,27.460874557495117,0.0
162,AAN,2021-07-21,28.799999237060547,29.649999618530273,28.545000076293945,28.979999542236328,224600,27.88423728942871,0.0
163,AAN,2021-07-22,28.510000228881836,28.700000762939453,27.579999923706055,27.799999237060547,188100,26.748851776123047,0.0
164,AAN,2021-07-23,27.860000610351562,28.0,26.700000762939453,27.290000915527344,361100,26.258136749267578,0.0
165,AAN,2021-07-26,27.649999618530273,28.219999313354492,27.0,27.719999313354492,503500,26.671876907348633,0.0
166,AAN,2021-07-27,30.600000381469727,30.75,28.334999084472656,30.1299991607666,653100,28.990751266479492,0.0
167,AAN,2021-07-28,30.559999465942383,30.559999465942383,28.540000915527344,28.639999389648438,408000,27.557090759277344,0.0
168,AAN,2021-07-29,28.989999771118164,29.594999313354492,28.479999542236328,28.520000457763672,583600,27.441627502441406,0.0
169,AAN,2021-07-30,28.5,29.219999313354492,28.5,28.8700008392334,234000,27.77839469909668,0.0
170,AAN,2021-08-02,29.040000915527344,29.790000915527344,28.75,28.790000915527344,253900,27.7014217376709,0.0
171,AAN,2021-08-03,28.950000762939453,29.549999237060547,28.6200008392334,29.200000762939453,278900,28.095916748046875,0.0
172,AAN,2021-08-04,28.639999389648438,29.34000015258789,27.469999313354492,27.610000610351562,168500,26.566038131713867,0.0
173,AAN,2021-08-05,28.06999969482422,28.450000762939453,27.729999542236328,27.959999084472656,226600,26.902801513671875,0.0
174,AAN,2021-08-06,28.18000030517578,28.479999542236328,27.600000381469727,27.649999618530273,135700,26.604522705078125,0.0
175,AAN,2021-08-09,27.459999084472656,27.610000610351562,26.899999618530273,26.979999542236328,240900,25.959857940673828,0.0
176,AAN,2021-08-10,26.8799991607666,28.100000381469727,26.84000015258789,27.860000610351562,218400,26.80658531188965,0.0
177,AAN,2021-08-11,27.860000610351562,28.709999084472656,27.790000915527344,28.670000076293945,276000,27.585956573486328,0.0
178,AAN,2021-08-12,28.84000015258789,29.670000076293945,28.280000686645508,29.459999084472656,292500,28.346086502075195,0.0
179,AAN,2021-08-13,29.34000015258789,30.25,29.190000534057617,29.239999771118164,321400,28.13440704345703,0.0
180,AAN,2021-08-16,28.860000610351562,29.200000762939453,27.770000457763672,27.799999237060547,212400,26.748851776123047,0.0
181,AAN,2021-08-17,27.610000610351562,28.219999313354492,27.309999465942383,27.799999237060547,381100,26.748851776123047,0.0
182,AAN,2021-08-18,27.56999969482422,29.020000457763672,27.56999969482422,28.229999542236328,247300,27.162595748901367,0.0
183,AAN,2021-08-19,27.850000381469727,28.729999542236328,27.700000762939453,28.299999237060547,349100,27.229949951171875,0.0
184,AAN,2021-08-20,28.209999084472656,29.0,27.94499969482422,28.110000610351562,402800,27.047134399414062,0.0
185,AAN,2021-08-23,28.329999923706055,28.530000686645508,26.739999771118164,26.90999984741211,255100,25.89250373840332,0.0
186,AAN,2021-08-24,26.969999313354492,28.110000610351562,26.65999984741211,27.979999542236328,252900,26.922046661376953,0.0
187,AAN,2021-08-25,28.040000915527344,28.530000686645508,27.459999084472656,27.540000915527344,158900,26.498685836791992,0.0
188,AAN,2021-08-26,27.479999542236328,27.889999389648438,26.8700008392334,26.959999084472656,218900,25.94061279296875,0.0
189,AAN,2021-08-27,26.950000762939453,27.809999465942383,26.8799991607666,27.59000015258789,341900,26.54679298400879,0.0
190,AAN,2021-08-30,27.540000915527344,28.15999984741211,27.5,27.889999389648438,251400,26.83544921875,0.0
191,AAN,2021-08-31,27.81999969482422,28.010000228881836,26.3700008392334,26.520000457763672,309300,25.517253875732422,0.0
192,AAN,2021-09-01,26.709999084472656,27.479999542236328,26.600000381469727,26.899999618530273,270100,25.88288116455078,0.0
193,AAN,2021-09-02,27.239999771118164,27.239999771118164,26.309999465942383,26.549999237060547,182000,25.54611587524414,0.0
194,AAN,2021-09-03,26.760000228881836,26.8700008392334,26.309999465942383,26.850000381469727,184300,25.83477783203125,0.0
195,AAN,2021-09-07,26.600000381469727,26.969999313354492,26.350000381469727,26.420000076293945,187500,25.421031951904297,0.0
196,AAN,2021-09-08,26.34000015258789,26.6200008392334,26.049999237060547,26.34000015258789,186900,25.344057083129883,0.0
197,AAN,2021-09-09,26.139999389648438,27.09000015258789,26.139999389648438,26.690000534057617,165400,25.680824279785156,0.0
198,AAN,2021-09-10,27.06999969482422,27.15999984741211,26.139999389648438,26.229999542236328,180500,25.23821449279785,0.0
199,AAN,2021-09-13,26.309999465942383,26.68000030517578,25.934999465942383,26.56999969482422,196600,25.56536293029785,0.0
200,AAN,2021-09-14,26.65999984741211,26.969999313354492,25.690000534057617,25.860000610351562,219200,24.882205963134766,0.0
201,AAN,2021-09-15,25.700000762939453,26.290000915527344,25.559999465942383,26.15999984741211,227200,25.26857566833496,0.1
202,AAN,2021-09-16,26.239999771118164,26.610000610351562,26.0,26.399999618530273,188600,25.500396728515625,0.0
203,AAN,2021-09-17,26.489999771118164,27.209999084472656,26.18000030517578,26.93000030517578,990200,26.01233673095703,0.0
204,AAN,2021-09-20,26.329999923706055,26.690000534057617,25.93000030517578,26.639999389648438,244300,25.732219696044922,0.0
205,AAN,2021-09-21,26.770000457763672,26.94499969482422,26.201000213623047,26.68000030517578,222100,25.770856857299805,0.0
206,AAN,2021-09-22,26.940000534057617,27.674999237060547,26.780000686645508,27.5,166000,26.56291389465332,0.0
207,AAN,2021-09-23,27.719999313354492,28.71500015258789,27.649999618530273,27.799999237060547,175600,26.852691650390625,0.0
208,AAN,2021-09-24,27.440000534057617,27.8700008392334,27.329999923706055,27.520000457763672,133200,26.582233428955078,0.0
209,AAN,2021-09-27,27.760000228881836,29.315000534057617,27.524999618530273,28.850000381469727,168600,27.866914749145508,0.0
210,AAN,2021-09-28,28.850000381469727,29.135000228881836,28.100000381469727,28.110000610351562,141500,27.152130126953125,0.0
211,AAN,2021-09-29,28.31999969482422,29.0,27.920000076293945,28.489999771118164,158200,27.519180297851562,0.0
212,AAN,2021-09-30,28.530000686645508,28.530000686645508,27.43000030517578,27.540000915527344,141100,26.601552963256836,0.0
213,AAN,2021-10-01,27.600000381469727,28.559999465942383,27.579999923706055,28.100000381469727,160500,27.142471313476562,0.0
214,AAN,2021-10-04,27.989999771118164,28.309999465942383,27.469999313354492,27.600000381469727,146800,26.659509658813477,0.0
215,AAN,2021-10-05,27.670000076293945,28.229999542236328,27.378000259399414,27.920000076293945,182700,26.968603134155273,0.0
216,AAN,2021-10-06,27.540000915527344,27.8799991607666,27.079999923706055,27.540000915527344,138400,26.601552963256836,0.0
217,AAN,2021-10-07,27.709999084472656,28.229999542236328,27.65999984741211,28.200000762939453,147400,27.239063262939453,0.0
218,AAN,2021-10-08,28.270000457763672,28.299999237060547,27.860000610351562,27.950000762939453,92200,26.997583389282227,0.0
219,AAN,2021-10-11,27.989999771118164,28.209999084472656,27.6200008392334,27.6200008392334,69800,26.6788272857666,0.0
220,AAN,2021-10-12,27.75,27.969999313354492,27.229999542236328,27.280000686645508,129000,26.350412368774414,0.0
221,AAN,2021-10-13,27.239999771118164,27.340999603271484,26.459999084472656,26.84000015258789,125100,25.925405502319336,0.0
222,AAN,2021-10-14,27.260000228881836,27.81999969482422,26.899999618530273,27.6200008392334,131900,26.6788272857666,0.0
223,AAN,2021-10-15,28.25,28.25,27.450000762939453,27.479999542236328,105700,26.543596267700195,0.0
224,AAN,2021-10-18,27.479999542236328,28.56999969482422,27.40999984741211,28.280000686645508,147700,27.316335678100586,0.0
225,AAN,2021-10-19,28.329999923706055,28.84000015258789,28.260000228881836,28.510000228881836,134100,27.538497924804688,0.0
226,AAN,2021-10-20,28.469999313354492,29.349000930786133,28.469999313354492,29.209999084472656,133700,28.214643478393555,0.0
227,AAN,2021-10-21,29.329999923706055,29.940000534057617,29.209999084472656,29.479999542236328,140500,28.475444793701172,0.0
228,AAN,2021-10-22,29.639999389648438,30.440000534057617,29.229999542236328,30.299999237060547,232000,29.26750373840332,0.0
229,AAN,2021-10-25,30.520000457763672,31.690000534057617,29.84000015258789,31.040000915527344,312900,29.98228645324707,0.0
230,AAN,2021-10-26,29.950000762939453,30.049999237060547,24.0,24.239999771118164,1351200,23.414003372192383,0.0
231,AAN,2021-10-27,23.760000228881836,24.110000610351562,22.263999938964844,23.200000762939453,663000,22.409442901611328,0.0
232,AAN,2021-10-28,23.450000762939453,23.81999969482422,22.889999389648438,23.110000610351562,393600,22.322509765625,0.0
233,AAN,2021-10-29,23.030000686645508,23.770000457763672,23.030000686645508,23.389999389648438,254700,22.592966079711914,0.0
234,AAN,2021-11-01,23.420000076293945,25.43000030517578,23.399999618530273,25.309999465942383,302600,24.447542190551758,0.0
235,AAN,2021-11-02,25.3799991607666,25.65999984741211,24.889999389648438,25.59000015258789,260600,24.718000411987305,0.0
236,AAN,2021-11-03,25.3799991607666,26.690000534057617,25.260000228881836,26.579999923706055,252100,25.67426300048828,0.0
237,AAN,2021-11-04,26.280000686645508,26.700000762939453,24.889999389648438,25.200000762939453,317500,24.341289520263672,0.0
238,AAN,2021-11-05,25.549999237060547,26.190000534057617,25.350000381469727,25.600000381469727,214600,24.727657318115234,0.0
239,AAN,2021-11-08,26.68000030517578,27.420000076293945,26.468000411987305,26.93000030517578,301100,26.01233673095703,0.0
240,AAN,2021-11-09,26.350000381469727,27.100000381469727,26.0939998626709,26.389999389648438,234200,25.490739822387695,0.0
241,AAN,2021-11-10,26.299999237060547,27.0,25.959999084472656,26.1299991607666,183600,25.23959732055664,0.0
242,AAN,2021-11-11,26.15999984741211,26.639999389648438,26.15999984741211,26.540000915527344,131500,25.63562774658203,0.0
243,AAN,2021-11-12,26.600000381469727,26.760000228881836,26.114999771118164,26.270000457763672,77400,25.374828338623047,0.0
244,AAN,2021-11-15,26.399999618530273,26.399999618530273,25.6200008392334,25.75,117100,24.872547149658203,0.0
245,AAN,2021-11-16,25.469999313354492,25.731000900268555,25.174999237060547,25.229999542236328,147000,24.370267868041992,0.0
246,AAN,2021-11-17,25.389999389648438,25.389999389648438,24.834999084472656,25.079999923706055,142900,24.225378036499023,0.0
247,AAN,2021-11-18,24.979999542236328,25.68000030517578,24.81999969482422,25.649999618530273,209400,24.77595329284668,0.0
248,AAN,2021-11-19,25.399999618530273,25.489999771118164,24.75,25.260000228881836,168900,24.399246215820312,0.0
249,AAN,2021-11-22,25.5,26.360000610351562,25.040000915527344,25.43000030517578,298900,24.563453674316406,0.0
250,AAN,2021-11-23,25.190000534057617,26.1200008392334,25.09000015258789,25.15999984741211,162800,24.30265235900879,0.0
251,AAN,2021-11-24,24.75,25.3799991607666,24.139999389648438,24.920000076293945,191200,24.070829391479492,0.0
252,AAN,2021-11-26,24.020000457763672,24.440000534057617,23.549999237060547,24.059999465942383,192400,23.240135192871094,0.0
253,AAN,2021-11-29,24.360000610351562,24.729999542236328,23.940000534057617,24.100000381469727,348900,23.278772354125977,0.0
254,AAN,2021-11-30,23.5,23.55500030517578,22.139999389648438,22.200000762939453,414400,21.44351577758789,0.0
255,AAN,2021-12-01,22.81999969482422,23.200000762939453,21.850000381469727,21.889999389648438,308500,21.144079208374023,0.0
256,AAN,2021-12-02,22.1200008392334,22.959999084472656,22.1200008392334,22.850000381469727,219400,22.071369171142578,0.0
257,AAN,2021-12-03,23.0,23.25,22.65999984741211,22.809999465942383,267100,22.032730102539062,0.0
258,AAN,2021-12-06,23.34000015258789,24.1299991607666,22.860000610351562,23.850000381469727,367700,23.03729248046875,0.0
259,AAN,2021-12-07,24.110000610351562,24.299999237060547,23.5,23.8700008392334,255200,23.056610107421875,0.0
260,AAN,2021-12-08,23.979999542236328,24.649999618530273,23.729999542236328,24.600000381469727,181600,23.761735916137695,0.0
261,AAN,2021-12-09,24.489999771118164,24.90999984741211,24.309999465942383,24.3799991607666,162400,23.54922866821289,0.0
262,AAN,2021-12-10,24.399999618530273,24.6200008392334,23.979999542236328,24.350000381469727,213600,23.520254135131836,0.0
263,AAN,2021-12-13,24.200000762939453,24.292999267578125,23.459999084472656,23.6200008392334,249500,22.81513023376465,0.0
264,AAN,2021-12-14,23.299999237060547,24.15999984741211,23.25,23.559999465942383,349500,22.757173538208008,0.0
265,AAN,2021-12-15,23.31999969482422,23.760000228881836,22.690000534057617,23.719999313354492,367000,23.009384155273438,0.1
266,AAN,2021-12-16,23.940000534057617,24.219999313354492,23.440000534057617,23.549999237060547,362900,22.8444766998291,0.0
267,AAN,2021-12-17,23.549999237060547,24.18000030517578,23.1299991607666,24.049999237060547,856000,23.329496383666992,0.0
268,AAN,2021-12-20,23.649999618530273,23.68000030517578,22.950000762939453,23.450000762939453,228200,22.747474670410156,0.0
269,AAN,2021-12-21,23.84000015258789,24.5,23.84000015258789,24.219999313354492,166000,23.49440574645996,0.0
270,AAN,2021-12-22,24.200000762939453,24.549999237060547,23.90999984741211,24.530000686645508,116100,23.795120239257812,0.0
271,AAN,2021-12-23,24.829999923706055,24.850000381469727,24.489999771118164,24.489999771118164,119500,23.756315231323242,0.0
272,AAN,2021-12-27,24.540000915527344,24.979999542236328,24.1200008392334,24.81999969482422,126200,24.076431274414062,0.0
273,AAN,2021-12-28,24.610000610351562,25.299999237060547,24.610000610351562,24.760000228881836,113600,24.01822853088379,0.0
274,AAN,2021-12-29,24.700000762939453,24.969999313354492,24.59000015258789,24.790000915527344,108600,24.04732894897461,0.0
275,AAN,2021-12-30,24.700000762939453,25.040000915527344,24.43000030517578,24.440000534057617,121900,23.707815170288086,0.0
276,AAN,2021-12-31,24.549999237060547,24.780000686645508,24.329999923706055,24.649999618530273,177800,23.911523818969727,0.0
277,AAN,2022-01-03,24.809999465942383,25.719999313354492,24.780000686645508,25.149999618530273,138200,24.39654541015625,0.0
278,AAN,2022-01-04,25.209999084472656,25.549999237060547,25.0,25.360000610351562,144400,24.600252151489258,0.0
279,AAN,2022-01-05,25.450000762939453,25.959999084472656,24.090999603271484,24.290000915527344,239600,23.56230926513672,0.0
280,AAN,2022-01-06,24.139999389648438,24.670000076293945,24.06999969482422,24.420000076293945,133100,23.68841552734375,0.0
281,AAN,2022-01-07,24.1200008392334,24.53499984741211,23.670000076293945,23.739999771118164,176400,23.028785705566406,0.0
282,AAN,2022-01-10,23.479999542236328,23.719999313354492,22.8700008392334,23.479999542236328,230800,22.776573181152344,0.0
283,AAN,2022-01-11,23.420000076293945,23.530000686645508,22.791000366210938,23.079999923706055,143600,22.388559341430664,0.0
284,AAN,2022-01-12,23.059999465942383,23.3439998626709,22.71500015258789,22.8700008392334,197600,22.18484878540039,0.0
285,AAN,2022-01-13,23.149999618530273,23.420000076293945,22.81999969482422,22.899999618530273,183200,22.21394920349121,0.0
286,AAN,2022-01-14,22.559999465942383,23.094999313354492,22.559999465942383,22.959999084472656,192400,22.272151947021484,0.0
287,AAN,2022-01-18,22.760000228881836,23.0049991607666,21.959999084472656,22.010000228881836,202000,21.35061264038086,0.0
288,AAN,2022-01-19,22.010000228881836,22.450000762939453,21.540000915527344,21.649999618530273,182900,21.00139808654785,0.0
289,AAN,2022-01-20,21.739999771118164,22.530000686645508,21.389999389648438,21.469999313354492,148600,20.826791763305664,0.0
290,AAN,2022-01-21,21.329999923706055,22.239999771118164,21.0,21.31999969482422,259300,20.681285858154297,0.0
291,AAN,2022-01-24,20.799999237060547,22.670000076293945,20.67099952697754,22.530000686645508,303400,21.855037689208984,0.0
292,AAN,2022-01-25,22.219999313354492,22.489999771118164,21.600000381469727,22.239999771118164,259300,21.57372283935547,0.0
293,AAN,2022-01-26,22.59000015258789,22.719999313354492,21.197999954223633,21.420000076293945,181800,20.778291702270508,0.0
294,AAN,2022-01-27,21.420000076293945,21.579999923706055,20.490999221801758,20.719999313354492,193300,20.099260330200195,0.0
295,AAN,2022-01-28,20.8799991607666,20.940000534057617,20.09000015258789,20.760000228881836,422600,20.138063430786133,0.0
296,AAN,2022-01-31,20.479999542236328,21.209999084472656,20.100000381469727,21.170000076293945,508200,20.535778045654297,0.0
297,AAN,2022-02-01,21.100000381469727,22.25,20.760000228881836,22.190000534057617,318000,21.525222778320312,0.0
298,AAN,2022-02-02,22.190000534057617,22.34000015258789,20.549999237060547,20.920000076293945,610200,20.29326820373535,0.0
299,AAN,2022-02-03,20.90999984741211,21.610000610351562,20.90999984741211,21.309999465942383,350500,20.67158317565918,0.0
300,AAN,2022-02-04,21.170000076293945,21.290000915527344,20.25,20.770000457763672,356700,20.147762298583984,0.0
301,AAN,2022-02-07,20.649999618530273,21.559999465942383,20.649999618530273,21.18000030517578,210900,20.545480728149414,0.0
302,AAN,2022-02-08,21.200000762939453,21.920000076293945,21.079999923706055,21.8700008392334,177500,21.21480941772461,0.0
303,AAN,2022-02-09,21.8700008392334,22.1299991607666,21.139999389648438,22.059999465942383,357900,21.39911460876465,0.0
304,AAN,2022-02-10,21.59000015258789,22.02199935913086,20.829999923706055,20.969999313354492,175300,20.341768264770508,0.0
305,AAN,2022-02-11,21.1200008392334,21.2450008392334,20.565000534057617,20.850000381469727,201800,20.225364685058594,0.0
306,AAN,2022-02-14,20.700000762939453,21.350000381469727,20.399999618530273,20.959999084472656,324600,20.33207130432129,0.0
307,AAN,2022-02-15,21.110000610351562,21.709999084472656,20.979999542236328,21.6200008392334,173100,20.972299575805664,0.0
308,AAN,2022-02-16,21.579999923706055,21.84000015258789,21.200000762939453,21.440000534057617,169600,20.797693252563477,0.0
309,AAN,2022-02-17,21.110000610351562,21.43899917602539,20.969999313354492,21.15999984741211,260000,20.526077270507812,0.0
310,AAN,2022-02-18,21.0,21.6299991607666,20.889999389648438,21.020000457763672,138800,20.390274047851562,0.0
311,AAN,2022-02-22,20.940000534057617,21.690000534057617,20.579999923706055,20.6200008392334,217300,20.002256393432617,0.0
312,AAN,2022-02-23,20.540000915527344,20.540000915527344,19.579999923706055,20.030000686645508,429700,19.429933547973633,0.0
313,AAN,2022-02-24,19.420000076293945,20.6200008392334,18.257999420166016,20.229999542236328,784300,19.62394142150879,0.0
314,AAN,2022-02-25,20.229999542236328,21.59000015258789,20.229999542236328,21.450000762939453,284500,20.807390213012695,0.0
315,AAN,2022-02-28,21.170000076293945,21.527000427246094,20.670000076293945,20.989999771118164,319800,20.36117172241211,0.0
316,AAN,2022-03-01,20.950000762939453,21.079999923706055,20.309999465942383,20.719999313354492,267300,20.099260330200195,0.0
317,AAN,2022-03-02,20.81999969482422,21.3799991607666,20.739999771118164,21.049999237060547,169500,20.41937255859375,0.0
318,AAN,2022-03-03,22.0,22.649999618530273,21.559999465942383,22.540000915527344,254600,21.864734649658203,0.0
319,AAN,2022-03-04,22.389999389648438,22.5,21.551000595092773,22.3700008392334,238000,21.6998291015625,0.0
320,AAN,2022-03-07,22.540000915527344,22.56999969482422,21.510000228881836,21.65999984741211,314100,21.01110076904297,0.0
321,AAN,2022-03-08,21.520000457763672,22.780000686645508,21.459999084472656,21.84000015258789,206700,21.185707092285156,0.0
322,AAN,2022-03-09,22.489999771118164,22.649999618530273,22.040000915527344,22.299999237060547,202500,21.631925582885742,0.0
323,AAN,2022-03-10,21.68000030517578,22.079999923706055,20.719999313354492,21.649999618530273,360600,21.00139808654785,0.0
324,AAN,2022-03-11,21.81999969482422,22.299999237060547,21.079999923706055,21.84000015258789,318200,21.185707092285156,0.0
325,AAN,2022-03-14,21.75,22.709999084472656,21.56999969482422,21.780000686645508,242400,21.127506256103516,0.0
326,AAN,2022-03-15,21.8700008392334,22.520000457763672,21.469999313354492,22.0,235900,21.340913772583008,0.0
327,AAN,2022-03-16,21.989999771118164,22.850000381469727,21.90999984741211,22.469999313354492,221400,21.909366607666016,0.113
328,AAN,2022-03-17,22.190000534057617,23.200000762939453,22.190000534057617,23.1299991607666,211100,22.552900314331055,0.0
329,AAN,2022-03-18,22.93000030517578,23.6299991607666,22.440000534057617,23.18000030517578,1721200,22.601654052734375,0.0
330,AAN,2022-03-21,23.149999618530273,23.209999084472656,21.899999618530273,22.020000457763672,243300,21.470596313476562,0.0
331,AAN,2022-03-22,22.510000228881836,23.020000457763672,22.299999237060547,22.579999923706055,343000,22.016624450683594,0.0
332,AAN,2022-03-23,22.200000762939453,22.260000228881836,21.06999969482422,21.15999984741211,232000,20.632049560546875,0.0
333,AAN,2022-03-24,21.239999771118164,21.485000610351562,21.030000686645508,21.399999618530273,318300,20.866064071655273,0.0
334,AAN,2022-03-25,21.530000686645508,22.149999618530273,21.329999923706055,21.889999389648438,238400,21.34383773803711,0.0
335,AAN,2022-03-28,21.790000915527344,22.010000228881836,21.459999084472656,21.920000076293945,204200,21.373090744018555,0.0
336,AAN,2022-03-29,22.100000381469727,22.489999771118164,21.66900062561035,22.049999237060547,228300,21.499847412109375,0.0
337,AAN,2022-03-30,21.920000076293945,22.110000610351562,20.739999771118164,20.75,320000,20.232280731201172,0.0
338,AAN,2022-03-31,20.829999923706055,20.950000762939453,19.84000015258789,20.079999923706055,345700,19.578998565673828,0.0
339,AAN,2022-04-01,20.510000228881836,20.559999465942383,19.979999542236328,20.149999618530273,332000,19.64725112915039,0.0
340,AAN,2022-04-04,20.149999618530273,21.040000915527344,19.969999313354492,20.950000762939453,248300,20.427291870117188,0.0
341,AAN,2022-04-05,20.93000030517578,21.479999542236328,20.809999465942383,20.860000610351562,348700,20.33953857421875,0.0
342,AAN,2022-04-06,20.6200008392334,20.739999771118164,19.6200008392334,20.149999618530273,277000,19.64725112915039,0.0
343,AAN,2022-04-07,20.280000686645508,21.079999923706055,20.100000381469727,20.829999923706055,319600,20.310285568237305,0.0
344,AAN,2022-04-08,20.670000076293945,21.5049991607666,20.450000762939453,21.040000915527344,291600,20.515047073364258,0.0
345,AAN,2022-04-11,21.030000686645508,21.899999618530273,21.030000686645508,21.260000228881836,297000,20.729557037353516,0.0
346,AAN,2022-04-12,21.6200008392334,22.229999542236328,21.149999618530273,21.219999313354492,215000,20.690555572509766,0.0
347,AAN,2022-04-13,21.100000381469727,21.719999313354492,20.920000076293945,21.530000686645508,177300,20.992820739746094,0.0
348,AAN,2022-04-14,21.559999465942383,21.825000762939453,21.31999969482422,21.3799991607666,148100,20.846561431884766,0.0
349,AAN,2022-04-18,21.260000228881836,21.59000015258789,21.075000762939453,21.200000762939453,140600,20.67105484008789,0.0
350,AAN,2022-04-19,21.299999237060547,22.18000030517578,20.93000030517578,22.040000915527344,139700,21.490097045898438,0.0
351,AAN,2022-04-20,22.149999618530273,22.43000030517578,21.5,21.56999969482422,166500,21.031822204589844,0.0
352,AAN,2022-04-21,21.75,21.75,20.950000762939453,21.049999237060547,219100,20.524795532226562,0.0
353,AAN,2022-04-22,20.860000610351562,20.989999771118164,20.420000076293945,20.479999542236328,206000,19.969018936157227,0.0
354,AAN,2022-04-25,20.260000228881836,20.549999237060547,19.700000762939453,20.530000686645508,205400,20.017770767211914,0.0
355,AAN,2022-04-26,20.639999389648438,21.6299991607666,19.110000610351562,19.729999542236328,322700,19.23773193359375,0.0
356,AAN,2022-04-27,19.959999084472656,20.450000762939453,19.299999237060547,19.510000228881836,367600,19.02322006225586,0.0
357,AAN,2022-04-28,19.56999969482422,20.84000015258789,19.299999237060547,20.65999984741211,289400,20.144527435302734,0.0
358,AAN,2022-04-29,20.3700008392334,21.139999389648438,20.3700008392334,20.530000686645508,255400,20.017770767211914,0.0
359,AAN,2022-05-02,20.6299991607666,21.360000610351562,20.43000030517578,21.34000015258789,217900,20.80756187438965,0.0
360,AAN,2022-05-03,21.479999542236328,21.59000015258789,20.950000762939453,21.31999969482422,155700,20.788061141967773,0.0
361,AAN,2022-05-04,21.399999618530273,21.799999237060547,20.860000610351562,21.65999984741211,320000,21.119577407836914,0.0
362,AAN,2022-05-05,21.389999389648438,21.5,20.5049991607666,21.079999923706055,178200,20.554048538208008,0.0
363,AAN,2022-05-06,20.84000015258789,21.020000457763672,20.200000762939453,20.260000228881836,153000,19.75450897216797,0.0
364,AAN,2022-05-09,19.899999618530273,20.3799991607666,19.850000381469727,20.09000015258789,226500,19.588748931884766,0.0
365,AAN,2022-05-10,20.190000534057617,20.290000915527344,19.09000015258789,19.350000381469727,278900,18.86721420288086,0.0
366,AAN,2022-05-11,19.510000228881836,19.860000610351562,18.860000610351562,19.09000015258789,292800,18.613698959350586,0.0
367,AAN,2022-05-12,18.989999771118164,20.1200008392334,18.979999542236328,19.989999771118164,267400,19.491243362426758,0.0
368,AAN,2022-05-13,20.149999618530273,20.389999389648438,19.729999542236328,19.989999771118164,179900,19.491243362426758,0.0
369,AAN,2022-05-16,19.700000762939453,20.170000076293945,19.170000076293945,19.889999389648438,204600,19.39373779296875,0.0
370,AAN,2022-05-17,20.309999465942383,20.920000076293945,19.989999771118164,20.860000610351562,232800,20.33953857421875,0.0
371,AAN,2022-05-18,20.389999389648438,20.65999984741211,19.260000228881836,19.6200008392334,338300,19.130475997924805,0.0
372,AAN,2022-05-19,19.18000030517578,19.719999313354492,19.040000915527344,19.049999237060547,223700,18.574697494506836,0.0
373,AAN,2022-05-20,19.1200008392334,19.440000534057617,17.260000228881836,18.170000076293945,316400,17.71665382385254,0.0
374,AAN,2022-05-23,18.309999465942383,18.350000381469727,17.68000030517578,17.989999771118164,442500,17.54114532470703,0.0
375,AAN,2022-05-24,17.950000762939453,18.0,17.270000457763672,17.65999984741211,348200,17.219379425048828,0.0
376,AAN,2022-05-25,17.510000228881836,18.924999237060547,17.3799991607666,18.520000457763672,341800,18.05792236328125,0.0
377,AAN,2022-05-26,18.889999389648438,19.364999771118164,18.59000015258789,18.639999389648438,370800,18.1749267578125,0.0
378,AAN,2022-05-27,18.649999618530273,18.8799991607666,18.3700008392334,18.829999923706055,212500,18.360185623168945,0.0
379,AAN,2022-05-31,18.959999084472656,19.6200008392334,18.510000228881836,19.559999465942383,374700,19.071971893310547,0.0
380,AAN,2022-06-01,19.559999465942383,20.040000915527344,17.899999618530273,17.950000762939453,272000,17.50214385986328,0.0
381,AAN,2022-06-02,17.920000076293945,18.559999465942383,17.639999389648438,18.520000457763672,256600,18.05792236328125,0.0
382,AAN,2022-06-03,18.440000534057617,18.489999771118164,17.985000610351562,18.469999313354492,177500,18.00916862487793,0.0
383,AAN,2022-06-06,18.700000762939453,18.93000030517578,18.190000534057617,18.90999984741211,195600,18.438190460205078,0.0
384,AAN,2022-06-07,18.40999984741211,19.360000610351562,18.1299991607666,19.280000686645508,381400,18.798959732055664,0.0
385,AAN,2022-06-08,19.170000076293945,19.44499969482422,18.780000686645508,19.079999923706055,173000,18.60394859313965,0.0
386,AAN,2022-06-09,19.030000686645508,19.094999313354492,18.709999084472656,18.729999542236328,173000,18.262680053710938,0.0
387,AAN,2022-06-10,18.309999465942383,18.600000381469727,17.959999084472656,17.959999084472656,231600,17.511892318725586,0.0
388,AAN,2022-06-13,17.5,17.77899932861328,16.979999542236328,17.139999389648438,248500,16.712350845336914,0.0
389,AAN,2022-06-14,17.15999984741211,17.309999465942383,16.440000534057617,16.639999389648438,347400,16.22482681274414,0.0
390,AAN,2022-06-15,16.600000381469727,17.045000076293945,16.34000015258789,16.489999771118164,334100,16.188505172729492,0.113
391,AAN,2022-06-16,15.649999618530273,15.779999732971191,14.829999923706055,15.609999656677246,543200,15.324593544006348,0.0
392,AAN,2022-06-17,15.75,16.020000457763672,15.449999809265137,15.680000305175781,664700,15.393314361572266,0.0
393,AAN,2022-06-21,15.880000114440918,15.880000114440918,15.149999618530273,15.170000076293945,348200,14.89263916015625,0.0
394,AAN,2022-06-22,14.970000267028809,15.4399995803833,14.529999732971191,15.319999694824219,453800,15.039896011352539,0.0
395,AAN,2022-06-23,15.279999732971191,15.75,15.279999732971191,15.75,325100,15.462034225463867,0.0
396,AAN,2022-06-24,15.779999732971191,16.3799991607666,15.760000228881836,16.18000030517578,706100,15.884173393249512,0.0
397,AAN,2022-06-27,16.3700008392334,16.548999786376953,15.906999588012695,16.079999923706055,264000,15.78600025177002,0.0
398,AAN,2022-06-28,16.200000762939453,16.40999984741211,15.3100004196167,15.34000015258789,166700,15.059531211853027,0.0
399,AAN,2022-06-29,15.079999923706055,15.079999923706055,14.454999923706055,14.789999961853027,448200,14.519586563110352,0.0
400,AAN,2022-06-30,14.5,14.739999771118164,14.170000076293945,14.550000190734863,236800,14.283974647521973,0.0
401,AAN,2022-07-01,14.460000038146973,14.84000015258789,14.34000015258789,14.75,218500,14.480318069458008,0.0
402,AAN,2022-07-05,14.579999923706055,15.369999885559082,14.260000228881836,15.369999885559082,413100,15.088981628417969,0.0
403,AAN,2022-07-06,15.199999809265137,15.4399995803833,14.430000305175781,14.600000381469727,375200,14.333060264587402,0.0
404,AAN,2022-07-07,14.600000381469727,15.109999656677246,14.600000381469727,15.100000381469727,212700,14.823918342590332,0.0
405,AAN,2022-07-08,15.09000015258789,15.350000381469727,15.0,15.329999923706055,179000,15.049713134765625,0.0
406,AAN,2022-07-11,15.199999809265137,15.430000305175781,15.130999565124512,15.180000305175781,167700,14.90245532989502,0.0
407,AAN,2022-07-12,14.6899995803833,15.5,14.508999824523926,14.880000114440918,185400,14.607941627502441,0.0
408,AAN,2022-07-13,14.880000114440918,14.960000038146973,14.600000381469727,14.829999923706055,214000,14.558855056762695,0.0
409,AAN,2022-07-14,14.350000381469727,14.5,13.859999656677246,14.100000381469727,549900,13.842202186584473,0.0
410,AAN,2022-07-15,14.369999885559082,14.6899995803833,14.34000015258789,14.670000076293945,1178500,14.40178108215332,0.0
411,AAN,2022-07-18,15.010000228881836,15.640000343322754,15.010000228881836,15.380000114440918,366600,15.098799705505371,0.0
412,AAN,2022-07-19,15.6899995803833,16.0,15.35099983215332,15.880000114440918,318200,15.5896577835083,0.0
413,AAN,2022-07-20,15.979999542236328,16.610000610351562,15.899999618530273,16.56999969482422,220300,16.26704216003418,0.0
414,AAN,2022-07-21,16.360000610351562,16.530000686645508,16.049999237060547,16.270000457763672,171200,15.972527503967285,0.0
415,AAN,2022-07-22,16.3799991607666,16.450000762939453,15.720000267028809,16.010000228881836,264400,15.717281341552734,0.0
416,AAN,2022-07-25,15.90999984741211,15.949999809265137,15.40999984741211,15.5,533400,15.216605186462402,0.0
417,AAN,2022-07-26,13.069999694824219,14.029999732971191,12.289999961853027,13.130000114440918,1317900,12.889936447143555,0.0
418,AAN,2022-07-27,13.140000343322754,13.470000267028809,12.630000114440918,12.829999923706055,847000,12.59542179107666,0.0
419,AAN,2022-07-28,12.640000343322754,13.020000457763672,11.979999542236328,12.84000015258789,1011500,12.605238914489746,0.0
420,AAN,2022-07-29,13.0600004196167,13.270000457763672,12.770000457763672,13.020000457763672,572800,12.781949043273926,0.0
421,AAN,2022-08-01,13.0,13.180000305175781,12.739999771118164,13.020000457763672,356400,12.781949043273926,0.0
422,AAN,2022-08-02,12.970000267028809,13.039999961853027,12.574999809265137,12.979999542236328,472100,12.742679595947266,0.0
423,AAN,2022-08-03,13.0600004196167,13.300000190734863,12.899999618530273,13.15999984741211,385400,12.919388771057129,0.0
424,AAN,2022-08-04,13.229999542236328,13.789999961853027,13.229999542236328,13.34000015258789,263800,13.096096992492676,0.0
425,AAN,2022-08-05,13.229999542236328,13.489999771118164,13.149999618530273,13.319999694824219,217900,13.076462745666504,0.0
426,AAN,2022-08-08,13.640000343322754,15.100000381469727,13.380000114440918,14.600000381469727,401200,14.333060264587402,0.0
427,AAN,2022-08-09,14.3100004196167,14.380000114440918,13.75,13.930000305175781,321000,13.675310134887695,0.0
428,AAN,2022-08-10,14.34000015258789,14.65999984741211,14.229999542236328,14.3100004196167,262700,14.048362731933594,0.0
429,AAN,2022-08-11,14.670000076293945,15.09000015258789,14.430000305175781,14.550000190734863,209700,14.283974647521973,0.0
430,AAN,2022-08-12,14.739999771118164,14.767000198364258,14.300000190734863,14.600000381469727,179300,14.333060264587402,0.0
431,AAN,2022-08-15,14.6899995803833,14.710000038146973,14.390999794006348,14.5,297800,14.234889030456543,0.0
432,AAN,2022-08-16,14.5600004196167,15.229999542236328,14.430000305175781,15.0,387100,14.725747108459473,0.0
433,AAN,2022-08-17,14.729999542236328,14.869999885559082,14.5,14.600000381469727,197900,14.333060264587402,0.0
434,AAN,2022-08-18,14.520000457763672,14.579999923706055,14.270000457763672,14.449999809265137,198900,14.185802459716797,0.0
435,AAN,2022-08-19,14.359999656677246,14.449999809265137,14.010000228881836,14.029999732971191,195800,13.773481369018555,0.0
436,AAN,2022-08-22,13.75,13.899999618530273,13.579999923706055,13.760000228881836,294100,13.508418083190918,0.0
437,AAN,2022-08-23,13.970000267028809,14.149999618530273,13.869999885559082,13.949999809265137,183800,13.694944381713867,0.0
438,AAN,2022-08-24,13.789999961853027,13.960000038146973,13.510000228881836,13.579999923706055,148400,13.331709861755371,0.0
439,AAN,2022-08-25,13.5600004196167,14.149999618530273,13.479999542236328,13.819999694824219,150100,13.567320823669434,0.0
440,AAN,2022-08-26,13.829999923706055,13.960000038146973,12.680000305175781,12.800000190734863,232500,12.565970420837402,0.0
441,AAN,2022-08-29,12.65999984741211,13.069999694824219,12.600000381469727,12.979999542236328,305000,12.742679595947266,0.0
442,AAN,2022-08-30,13.130000114440918,13.130000114440918,12.510000228881836,12.699999809265137,213500,12.467799186706543,0.0
443,AAN,2022-08-31,12.680000305175781,12.720000267028809,11.8149995803833,11.899999618530273,369800,11.682425498962402,0.0
444,AAN,2022-09-01,11.899999618530273,12.0,11.390000343322754,11.970000267028809,337400,11.75114631652832,0.0
445,AAN,2022-09-02,12.260000228881836,12.260000228881836,11.75,11.869999885559082,388500,11.652974128723145,0.0
446,AAN,2022-09-06,11.800000190734863,11.899999618530273,11.270000457763672,11.539999961853027,447800,11.329008102416992,0.0
447,AAN,2022-09-07,11.609999656677246,11.930000305175781,11.319999694824219,11.819999694824219,366800,11.603888511657715,0.0
448,AAN,2022-09-08,11.670000076293945,11.869999885559082,11.470000267028809,11.829999923706055,190200,11.6137056350708,0.0
449,AAN,2022-09-09,11.829999923706055,12.279999732971191,11.829999923706055,12.260000228881836,256600,12.035843849182129,0.0
450,AAN,2022-09-12,12.430000305175781,12.84000015258789,12.260000228881836,12.5600004196167,207500,12.33035945892334,0.0
451,AAN,2022-09-13,12.25,12.380000114440918,11.979999542236328,12.199999809265137,361500,11.976940155029297,0.0
452,AAN,2022-09-14,12.069999694824219,12.069999694824219,11.609999656677246,11.899999618530273,427400,11.791643142700195,0.113
453,AAN,2022-09-15,11.8100004196167,12.449999809265137,11.800000190734863,12.180000305175781,670200,12.06909465789795,0.0
454,AAN,2022-09-16,12.149999618530273,12.229999542236328,11.835000038146973,12.210000038146973,940100,12.098820686340332,0.0
455,AAN,2022-09-19,12.069999694824219,12.359999656677246,11.859999656677246,12.15999984741211,507200,12.049276351928711,0.0
456,AAN,2022-09-20,11.960000038146973,11.960000038146973,11.449999809265137,11.510000228881836,441600,11.405195236206055,0.0
457,AAN,2022-09-21,11.609999656677246,11.989999771118164,11.489999771118164,11.5,268900,11.395285606384277,0.0
458,AAN,2022-09-22,11.4399995803833,11.4399995803833,10.960000038146973,10.979999542236328,400700,10.880020141601562,0.0
459,AAN,2022-09-23,10.8100004196167,10.90999984741211,10.59000015258789,10.800000190734863,208900,10.70166015625,0.0
460,AAN,2022-09-26,10.739999771118164,11.039999961853027,10.569999694824219,10.59000015258789,272700,10.493572235107422,0.0
461,AAN,2022-09-27,10.699999809265137,10.84000015258789,10.350000381469727,10.510000228881836,447300,10.414300918579102,0.0
462,AAN,2022-09-28,10.619999885559082,10.880000114440918,10.539999961853027,10.770000457763672,226200,10.6719331741333,0.0
463,AAN,2022-09-29,10.539999961853027,10.550000190734863,10.100000381469727,10.510000228881836,323400,10.414300918579102,0.0
464,AAN,2022-09-30,10.130000114440918,10.34000015258789,9.710000038146973,9.720000267028809,853800,9.631494522094727,0.0
465,AAN,2022-10-03,10.050000190734863,10.239999771118164,9.75,9.890000343322754,515600,9.799946784973145,0.0
466,AAN,2022-10-04,10.140000343322754,10.579999923706055,10.140000343322754,10.34000015258789,567800,10.245848655700684,0.0
467,AAN,2022-10-05,10.140000343322754,10.234999656677246,9.949999809265137,10.210000038146973,335200,10.117032051086426,0.0
468,AAN,2022-10-06,10.180000305175781,10.385000228881836,9.899999618530273,9.899999618530273,348000,9.809854507446289,0.0
469,AAN,2022-10-07,9.75,9.859999656677246,9.4399995803833,9.5,491800,9.413496971130371,0.0
470,AAN,2022-10-10,9.470000267028809,9.470000267028809,9.010000228881836,9.029999732971191,413500,8.947776794433594,0.0
471,AAN,2022-10-11,8.930000305175781,9.220000267028809,8.789999961853027,8.90999984741211,719700,8.828868865966797,0.0
472,AAN,2022-10-12,8.960000038146973,9.140000343322754,8.800000190734863,9.109999656677246,421700,9.027048110961914,0.0
473,AAN,2022-10-13,8.84000015258789,9.359999656677246,8.760000228881836,9.210000038146973,316700,9.126137733459473,0.0
474,AAN,2022-10-14,9.239999771118164,9.350000381469727,8.84000015258789,8.859999656677246,271100,8.779324531555176,0.0
475,AAN,2022-10-17,9.109999656677246,9.229999542236328,8.979999542236328,9.079999923706055,302100,8.997321128845215,0.0
476,AAN,2022-10-18,9.260000228881836,9.470000267028809,8.84000015258789,8.880000114440918,300900,8.799142837524414,0.0
477,AAN,2022-10-19,8.829999923706055,8.880000114440918,8.350000381469727,8.529999732971191,414200,8.452329635620117,0.0
478,AAN,2022-10-20,8.449999809265137,8.720000267028809,8.399999618530273,8.539999961853027,233900,8.462238311767578,0.0
479,AAN,2022-10-21,8.619999885559082,8.75,8.350000381469727,8.710000038146973,260400,8.630690574645996,0.0
480,AAN,2022-10-24,8.0,8.130000114440918,7.644999980926514,8.100000381469727,968900,8.0262451171875,0.0
481,AAN,2022-10-25,9.279999732971191,10.5,9.270000457763672,10.289999961853027,2372000,10.196303367614746,0.0
482,AAN,2022-10-26,10.239999771118164,10.829999923706055,9.890000343322754,9.890000343322754,1517600,9.799946784973145,0.0
483,AAN,2022-10-27,10.079999923706055,11.239999771118164,10.029999732971191,10.5,1234100,10.404391288757324,0.0
484,AAN,2022-10-28,10.460000038146973,10.770000457763672,10.300000190734863,10.329999923706055,625800,10.235939025878906,0.0
485,AAN,2022-10-31,10.220000267028809,10.569999694824219,10.180000305175781,10.420000076293945,472400,10.325119972229004,0.0
486,AAN,2022-11-01,10.630000114440918,10.819999694824219,10.149999618530273,10.260000228881836,1009600,10.166577339172363,0.0
487,AAN,2022-11-02,10.1899995803833,10.390000343322754,9.760000228881836,9.770000457763672,422800,9.681038856506348,0.0
488,AAN,2022-11-03,9.739999771118164,10.069999694824219,9.569999694824219,9.880000114440918,350700,9.790037155151367,0.0
489,AAN,2022-11-04,10.0,10.15999984741211,9.5,9.710000038146973,334900,9.62158489227295,0.0
490,AAN,2022-11-07,9.8100004196167,9.9399995803833,9.604999542236328,9.84000015258789,347800,9.750401496887207,0.0
491,AAN,2022-11-08,9.979999542236328,10.130000114440918,9.729999542236328,10.119999885559082,432300,10.027852058410645,0.0
492,AAN,2022-11-09,10.079999923706055,10.100000381469727,9.800000190734863,10.020000457763672,359500,9.928762435913086,0.0
493,AAN,2022-11-10,10.59000015258789,11.15999984741211,10.550000190734863,11.050000190734863,368200,10.949383735656738,0.0
494,AAN,2022-11-11,10.970000267028809,11.595000267028809,10.970000267028809,11.4399995803833,385900,11.335831642150879,0.0
495,AAN,2022-11-14,11.279999732971191,11.354999542236328,10.670000076293945,10.739999771118164,403500,10.642206192016602,0.0
496,AAN,2022-11-15,11.109999656677246,11.380000114440918,10.699999809265137,10.760000228881836,366500,10.66202449798584,0.0
497,AAN,2022-11-16,10.569999694824219,10.569999694824219,10.130000114440918,10.15999984741211,315600,10.067487716674805,0.0
498,AAN,2022-11-17,10.0600004196167,10.539999961853027,9.899999618530273,10.510000228881836,269200,10.414300918579102,0.0
499,AAN,2022-11-18,10.670000076293945,11.0600004196167,10.5,11.050000190734863,422000,10.949383735656738,0.0
500,AAN,2022-11-21,10.960000038146973,11.199999809265137,10.850000381469727,11.039999961853027,507700,10.939474105834961,0.0
501,AAN,2022-11-22,11.220000267028809,11.84000015258789,11.109999656677246,11.6899995803833,573000,11.583555221557617,0.0
502,AAN,2022-11-23,11.550000190734863,11.979999542236328,11.420000076293945,11.850000381469727,507200,11.74209976196289,0.0
503,AAN,2022-11-25,11.720000267028809,11.9399995803833,11.579999923706055,11.579999923706055,123600,11.474557876586914,0.0
504,AAN,2022-11-28,11.510000228881836,11.90999984741211,11.34000015258789,11.600000381469727,295300,11.494376182556152,0.0
505,AAN,2022-11-29,11.550000190734863,12.140000343322754,11.399999618530273,11.850000381469727,284400,11.74209976196289,0.0
506,AAN,2022-11-30,11.84000015258789,12.329999923706055,11.470000267028809,12.1899995803833,418300,12.079002380371094,0.0
507,AAN,2022-12-01,12.15999984741211,12.399999618530273,12.020000457763672,12.220000267028809,401800,12.10873031616211,0.0
508,AAN,2022-12-02,12.0,12.600000381469727,11.770000457763672,12.569999694824219,419200,12.45554256439209,0.0
509,AAN,2022-12-05,12.5,12.880000114440918,12.300000190734863,12.399999618530273,289700,12.287090301513672,0.0
510,AAN,2022-12-06,12.390000343322754,12.600000381469727,12.055000305175781,12.270000457763672,229600,12.158275604248047,0.0
511,AAN,2022-12-07,12.170000076293945,12.225000381469727,11.9399995803833,12.010000228881836,201100,11.900642395019531,0.0
512,AAN,2022-12-08,12.039999961853027,12.085000038146973,11.779999732971191,11.850000381469727,270100,11.74209976196289,0.0
513,AAN,2022-12-09,11.65999984741211,11.9399995803833,11.489999771118164,11.729999542236328,192100,11.623190879821777,0.0
514,AAN,2022-12-12,11.819999694824219,12.289999961853027,11.609999656677246,12.210000038146973,310300,12.098820686340332,0.0
515,AAN,2022-12-13,12.550000190734863,12.8100004196167,11.970000267028809,12.40999984741211,665700,12.29699993133545,0.0
516,AAN,2022-12-14,12.09000015258789,12.489999771118164,12.0600004196167,12.300000190734863,439900,12.300000190734863,0.113
517,AAN,2022-12-15,11.899999618530273,12.260000228881836,11.829999923706055,12.119999885559082,355800,12.119999885559082,0.0
518,AAN,2022-12-16,11.869999885559082,12.09000015258789,11.805000305175781,11.899999618530273,1165600,11.899999618530273,0.0
519,AAN,2022-12-19,11.770000457763672,12.0,11.460000038146973,11.539999961853027,403200,11.539999961853027,0.0
520,AAN,2022-12-20,11.380000114440918,11.699999809265137,11.289999961853027,11.359999656677246,395100,11.359999656677246,0.0
521,AAN,2022-12-21,11.529999732971191,11.619999885559082,11.239999771118164,11.359999656677246,354300,11.359999656677246,0.0
522,AAN,2022-12-22,11.1899995803833,11.244999885559082,10.859999656677246,11.229999542236328,369200,11.229999542236328,0.0
523,AAN,2022-12-23,11.239999771118164,11.449999809265137,11.239999771118164,11.369999885559082,138800,11.369999885559082,0.0
524,AAN,2022-12-27,11.380000114440918,11.40999984741211,11.1899995803833,11.350000381469727,130000,11.350000381469727,0.0
525,AAN,2022-12-28,11.359999656677246,11.649999618530273,11.210000038146973,11.319999694824219,249000,11.319999694824219,0.0
526,AAN,2022-12-29,11.4399995803833,11.829999923706055,11.4399995803833,11.800000190734863,170600,11.800000190734863,0.0
527,AAN,2022-12-30,11.59000015258789,12.0600004196167,11.59000015258789,11.949999809265137,317300,11.949999809265137,0.0
528,AAN,2023-01-03,12.15999984741211,12.359999656677246,11.800000190734863,11.850000381469727,343000,11.850000381469727,0.0
529,AAN,2023-01-04,12.0600004196167,12.710000038146973,11.930000305175781,12.699999809265137,335000,12.699999809265137,0.0
530,AAN,2023-01-05,12.579999923706055,12.770000457763672,12.329999923706055,12.75,211200,12.75,0.0
531,AAN,2023-01-06,12.850000381469727,13.109999656677246,12.670000076293945,13.050000190734863,237400,13.050000190734863,0.0
532,AAN,2023-01-09,13.119999885559082,13.420000076293945,13.0,13.279999732971191,320200,13.279999732971191,0.0
533,AAN,2023-01-10,13.130000114440918,13.479999542236328,13.010000228881836,13.460000038146973,238700,13.460000038146973,0.0
534,AAN,2023-01-11,13.520000457763672,14.170000076293945,13.520000457763672,14.15999984741211,245500,14.15999984741211,0.0
535,AAN,2023-01-12,14.3100004196167,14.59000015258789,14.199999809265137,14.3100004196167,318100,14.3100004196167,0.0
536,AAN,2023-01-13,14.069999694824219,14.4399995803833,14.069999694824219,14.350000381469727,199700,14.350000381469727,0.0
537,AAN,2023-01-17,14.430000305175781,14.430000305175781,13.859999656677246,13.859999656677246,217600,13.859999656677246,0.0
538,AAN,2023-01-18,14.010000228881836,14.380000114440918,13.850000381469727,13.880000114440918,155200,13.880000114440918,0.0
539,AAN,2023-01-19,13.670000076293945,13.84000015258789,13.291000366210938,13.649999618530273,272800,13.649999618530273,0.0
540,AAN,2023-01-20,13.6899995803833,14.220000267028809,13.520000457763672,14.180000305175781,203600,14.180000305175781,0.0
541,AAN,2023-01-23,14.220000267028809,14.449999809265137,14.180000305175781,14.430000305175781,182800,14.430000305175781,0.0
542,AAN,2023-01-24,14.3100004196167,14.399999618530273,13.920000076293945,13.9399995803833,171500,13.9399995803833,0.0
543,AAN,2023-01-25,13.710000038146973,13.989999771118164,13.65999984741211,13.9399995803833,179800,13.9399995803833,0.0
544,AAN,2023-01-26,14.119999885559082,14.145000457763672,13.8100004196167,13.949999809265137,107400,13.949999809265137,0.0
545,AAN,2023-01-27,13.920000076293945,14.4399995803833,13.920000076293945,14.329999923706055,163300,14.329999923706055,0.0
546,AAN,2023-01-30,14.1899995803833,14.399999618530273,14.095000267028809,14.220000267028809,133400,14.220000267028809,0.0
547,AAN,2023-01-31,14.260000228881836,14.710000038146973,14.260000228881836,14.649999618530273,187200,14.649999618530273,0.0
548,AAN,2023-02-01,14.550000190734863,15.109999656677246,14.390000343322754,14.890000343322754,239300,14.890000343322754,0.0
549,AAN,2023-02-02,15.149999618530273,15.90999984741211,15.050000190734863,15.710000038146973,198500,15.710000038146973,0.0
550,AAN,2023-02-03,15.5,15.739999771118164,15.369999885559082,15.470000267028809,257600,15.470000267028809,0.0
551,AAN,2023-02-06,15.34000015258789,15.625,14.960000038146973,14.989999771118164,200500,14.989999771118164,0.0
552,AAN,2023-02-07,14.859999656677246,15.260000228881836,14.645000457763672,15.130000114440918,317500,15.130000114440918,0.0
553,AAN,2023-02-08,15.029999732971191,15.180000305175781,14.930000305175781,15.050000190734863,176800,15.050000190734863,0.0
554,AAN,2023-02-09,15.1899995803833,15.350000381469727,14.859999656677246,14.880000114440918,196600,14.880000114440918,0.0
555,AAN,2023-02-10,14.770000457763672,14.850000381469727,14.420000076293945,14.640000343322754,152900,14.640000343322754,0.0
556,AAN,2023-02-13,14.609999656677246,14.84000015258789,14.399999618530273,14.8100004196167,158900,14.8100004196167,0.0
557,AAN,2023-02-14,14.6899995803833,15.0,14.649999618530273,14.84000015258789,171900,14.84000015258789,0.0
558,AAN,2023-02-15,14.720000267028809,15.119999885559082,14.720000267028809,15.069999694824219,132500,15.069999694824219,0.0
559,AAN,2023-02-16,14.869999885559082,15.149999618530273,14.75,14.869999885559082,165600,14.869999885559082,0.0
560,AAN,2023-02-17,14.899999618530273,15.0600004196167,14.5600004196167,14.75,215500,14.75,0.0
561,AAN,2023-02-21,14.550000190734863,14.65999984741211,13.84000015258789,13.850000381469727,245700,13.850000381469727,0.0
562,AAN,2023-02-22,13.8100004196167,14.460000038146973,13.729999542236328,14.140000343322754,237500,14.140000343322754,0.0
563,AAN,2023-02-23,13.970000267028809,14.34000015258789,13.960000038146973,14.149999618530273,186800,14.149999618530273,0.0
564,AAN,2023-02-24,13.800000190734863,14.225000381469727,13.649999618530273,14.130000114440918,281800,14.130000114440918,0.0
565,AAN,2023-02-27,14.329999923706055,14.5,14.130000114440918,14.279999732971191,224400,14.279999732971191,0.0
566,AAN,2023-02-28,14.260000228881836,14.6850004196167,14.260000228881836,14.350000381469727,219900,14.350000381469727,0.0
567,AAN,2023-03-01,14.229999542236328,14.53499984741211,14.149999618530273,14.399999618530273,250700,14.399999618530273,0.0
568,AAN,2023-03-02,12.239999771118164,13.199999809265137,11.510000228881836,12.369999885559082,1099200,12.369999885559082,0.0
569,AAN,2023-03-03,12.359999656677246,12.930000305175781,12.359999656677246,12.779999732971191,854800,12.779999732971191,0.0
570,AAN,2023-03-06,12.789999961853027,12.850000381469727,11.960000038146973,12.0,575400,12.0,0.0
571,AAN,2023-03-07,11.989999771118164,12.3100004196167,11.770000457763672,12.260000228881836,274200,12.260000228881836,0.0
572,AAN,2023-03-08,12.279999732971191,12.279999732971191,11.869999885559082,12.15999984741211,259500,12.15999984741211,0.0
